,JD,Band,mag,mag_err,effective_wavelength
1143,5797.423699999999,UVW1,17.49,0.14,2910
1328,5797.425199999998,U,15.78,0.07,3663
1480,5797.426099999997,B,15.66,0.06,4361
1558,5797.430899999999,V,15.27,0.06,5448
1144,5797.490599999997,UVW1,17.23,0.13,2910
1329,5797.492100000003,U,15.65,0.07,3663
1481,5797.493000000002,B,15.5,0.05,4361
1559,5797.497799999997,V,15.1,0.06,5448
0,5798.17,U,15.013,0.086,3663
1,5798.17,B,15.185,0.03,4361
2,5798.17,V,14.797,0.021,5448
3,5798.17,R,14.74,0.02,6407
4,5798.17,I,14.848,0.03,7980
1145,5798.501900000003,UVW1,16.1,0.08,2910
1330,5798.502800000002,U,14.33,0.05,3663
1482,5798.503199999999,B,14.18,0.04,4361
655,5798.504500000003,UVW2,17.53,0.16,2120
1560,5798.505799999999,V,13.93,0.05,5448
9,5798.53,I,14.248,0.052,7980
8,5798.53,R,14.26,0.024,6407
5,5798.53,U,14.534,0.014,3663
6,5798.53,B,14.743,0.013,4361
7,5798.53,V,14.325,0.019,5448
1146,5798.629699999998,UVW1,15.89,0.07,2910
1331,5798.631099999999,U,14.2,0.04,3663
1483,5798.631800000003,B,14.12,0.04,4361
656,5798.633900000001,UVW2,17.59,0.15,2120
1561,5798.635999999999,V,13.79,0.04,5448
934,5798.6391,UVM2,18.69,0.36,2310
1147,5798.707300000002,UVW1,15.95,0.07,2910
1332,5798.708700000003,U,14.2,0.04,3663
1484,5798.7094,B,14.04,0.04,4361
657,5798.711499999998,UVW2,17.46,0.14,2120
1562,5798.713499999998,V,13.75,0.04,5448
1148,5798.897400000002,UVW1,15.77,0.06,2910
1333,5798.898800000003,U,14.0,0.04,3663
1485,5798.8994999999995,B,13.88,0.04,4361
658,5798.901599999997,UVW2,17.42,0.14,2120
1563,5798.903700000003,V,13.65,0.04,5448
935,5798.904999999999,UVM2,18.21,0.31,2310
1149,5799.035600000003,UVW1,15.55,0.06,2910
1334,5799.037300000004,U,13.88,0.04,3663
1486,5799.038200000003,B,13.79,0.04,4361
659,5799.040699999998,UVW2,17.29,0.12,2120
1564,5799.0432,V,13.49,0.04,5448
936,5799.047200000001,UVM2,18.6,0.33,2310
12,5799.16,V,13.685,0.02,5448
10,5799.16,U,13.894,0.044,3663
11,5799.16,B,14.027,0.03,4361
14,5799.16,I,13.745,0.03,7980
13,5799.16,R,13.641,0.02,6407
19,5799.53,I,13.333,0.04,7980
17,5799.53,V,13.41,0.02,5448
16,5799.53,B,13.687,0.019,4361
15,5799.53,U,13.572,0.036,3663
18,5799.53,R,13.367,0.025,6407
1150,5799.565000000002,UVW1,15.31,0.05,2910
1335,5799.566500000001,U,13.49,0.04,3663
1487,5799.567300000002,B,13.36,0.04,4361
660,5799.5696000000025,UVW2,16.84,0.09,2120
1565,5799.571900000003,V,13.12,0.04,5448
937,5799.5754000000015,UVM2,18.02,0.21,2310
558,5799.620999999999,J,12.86,0.01,12200
559,5799.620999999999,H,12.822,0.009,16300
560,5799.620999999999,K,12.855,0.031,21900
1151,5799.704400000002,UVW1,15.12,0.06,2910
1336,5799.705300000001,U,13.35,0.04,3663
1488,5799.705800000003,B,13.25,0.04,4361
661,5799.7071,UVW2,16.67,0.1,2120
1566,5799.708400000003,V,13.04,0.04,5448
938,5799.710200000001,UVM2,17.98,0.23,2310
1152,5799.838300000003,UVW1,15.02,0.05,2910
1337,5799.839500000002,U,13.27,0.04,3663
1489,5799.840100000001,B,13.13,0.04,4361
662,5799.841899999999,UVW2,16.67,0.09,2120
1567,5799.8436,V,12.99,0.04,5448
939,5799.845999999998,UVM2,17.98,0.22,2310
1153,5800.108899999999,UVW1,14.8,0.04,2910
1338,5800.110999999997,U,13.07,0.04,3663
663,5800.1152,UVW2,16.45,0.07,2120
1568,5800.118300000002,V,12.82,0.04,5448
940,5800.123,UVM2,17.79,0.18,2310
20,5800.17,U,13.138,0.084,3663
24,5800.17,I,12.991,0.03,7980
23,5800.17,R,12.921,0.02,6407
21,5800.17,B,13.225,0.03,4361
22,5800.17,V,12.943,0.02,5448
1154,5800.233999999997,UVW1,14.71,0.05,2910
1339,5800.2353,U,13.0,0.04,3663
664,5800.237999999998,UVW2,16.34,0.07,2120
1569,5800.239999999998,V,12.76,0.04,5448
941,5800.2431,UVM2,17.61,0.17,2310
1155,5800.307500000003,UVW1,14.63,0.05,2910
1340,5800.3081999999995,U,12.99,0.04,3663
665,5800.309699999998,UVW2,16.21,0.08,2120
1570,5800.310700000002,V,12.72,0.04,5448
942,5800.3124000000025,UVM2,17.59,0.18,2310
1156,5800.434399999998,UVW1,14.65,0.05,2910
1341,5800.434999999998,U,12.84,0.04,3663
666,5800.4361999999965,UVW2,16.16,0.09,2120
1571,5800.4372,V,12.69,0.04,5448
943,5800.438499999997,UVM2,17.57,0.19,2310
944,5800.511400000003,UVM2,17.43,0.2,2310
1157,5800.5130999999965,UVW1,14.54,0.04,2910
667,5800.5265,UVW2,16.22,0.1,2120
26,5800.53,B,12.94,0.019,4361
27,5800.53,V,12.768,0.02,5448
28,5800.53,R,12.71,0.025,6407
29,5800.53,I,12.645,0.041,7980
25,5800.53,U,12.855,0.017,3663
1158,5800.6380999999965,UVW1,14.47,0.05,2910
1342,5800.6391,U,12.68,0.04,3663
668,5800.641000000003,UVW2,16.06,0.07,2120
1572,5800.642399999997,V,12.53,0.04,5448
945,5800.6446,UVM2,17.47,0.16,2310
1159,5800.718200000003,UVW1,14.4,0.04,2910
1343,5800.719400000002,U,12.61,0.04,3663
669,5800.721799999999,UVW2,16.08,0.07,2120
1573,5800.7235,V,12.46,0.04,5448
946,5800.7261,UVM2,17.25,0.14,2310
947,5800.7687000000005,UVM2,17.54,0.23,2310
1160,5800.770100000002,UVW1,14.35,0.04,2910
670,5800.786800000002,UVW2,16.05,0.08,2120
948,5800.902000000002,UVM2,17.17,0.18,2310
1161,5800.903400000003,UVW1,14.32,0.04,2910
671,5800.915500000003,UVW2,16.01,0.09,2120
1162,5800.9856,UVW1,14.27,0.04,2910
1344,5800.986799999999,U,12.5,0.04,3663
672,5800.989099999999,UVW2,15.84,0.06,2120
1574,5800.9908,V,12.44,0.04,5448
949,5800.993499999997,UVM2,17.34,0.15,2310
1345,5801.036800000002,U,12.5,0.04,3663
1346,5801.037600000003,U,12.44,0.04,3663
1490,5801.039599999996,B,12.44,0.04,4361
1575,5801.040699999998,V,12.4,0.04,5448
1576,5801.042399999998,V,12.38,0.04,5448
950,5801.0455,UVM2,17.31,0.17,2310
1163,5801.047200000001,UVW1,14.16,0.04,2910
673,5801.0599,UVW2,15.85,0.08,2120
951,5801.169399999999,UVM2,17.07,0.17,2310
1164,5801.1708,UVW1,14.08,0.04,2910
674,5801.1875,UVW2,15.84,0.07,2120
952,5801.303599999999,UVM2,16.94,0.17,2310
1165,5801.304900000003,UVW1,14.03,0.04,2910
675,5801.322899999999,UVW2,15.68,0.07,2120
953,5801.436900000001,UVM2,16.72,0.15,2310
1166,5801.438199999997,UVW1,13.94,0.04,2910
676,5801.453500000003,UVW2,15.59,0.07,2120
30,5801.5,B,12.47,0.012,4361
31,5801.5,V,12.37,0.011,5448
32,5801.5,R,12.266,0.017,6407
33,5801.5,I,12.221,0.023,7980
954,5801.509100000003,UVM2,17.04,0.17,2310
1167,5801.510399999999,UVW1,13.84,0.04,2910
38,5801.52,I,12.121,0.046,7980
36,5801.52,V,12.242,0.021,5448
35,5801.52,B,12.41,0.017,4361
34,5801.52,U,12.201,0.017,3663
37,5801.52,R,12.183,0.025,6407
677,5801.528400000003,UVW2,15.53,0.06,2120
1168,5801.654199999997,UVW1,13.75,0.04,2910
678,5801.657299999999,UVW2,15.38,0.05,2120
1577,5801.658799999997,V,12.31,0.04,5448
955,5801.6610999999975,UVM2,16.63,0.1,2310
561,5801.667999999998,J,11.901,0.01,12200
562,5801.667999999998,H,11.898,0.008,16300
563,5801.667999999998,K,11.967,0.029,21900
1169,5801.711300000003,UVW1,13.79,0.04,2910
679,5801.717499999999,UVW2,15.42,0.05,2120
1578,5801.720500000003,V,12.16,0.04,5448
956,5801.725100000003,UVM2,16.77,0.09,2310
39,5802.15,U,11.951,0.072,3663
43,5802.15,I,11.914,0.03,7980
42,5802.15,R,11.938,0.02,6407
41,5802.15,V,11.996,0.02,5448
40,5802.15,B,12.022,0.03,4361
1170,5802.514799999997,UVW1,13.15,0.04,2910
680,5802.518600000003,UVW2,14.91,0.08,2120
48,5802.52,I,11.678,0.051,7980
47,5802.52,R,11.748,0.024,6407
46,5802.52,V,11.837,0.022,5448
45,5802.52,B,11.89,0.017,4361
44,5802.52,U,11.621,0.019,3663
564,5802.620999999999,J,11.566,0.011,12200
565,5802.620999999999,H,11.587,0.008,16300
566,5802.620999999999,K,11.609,0.012,21900
50,5803.15,B,11.624,0.03,4361
49,5803.15,U,11.371,0.046,3663
53,5803.15,I,11.5,0.03,7980
52,5803.15,R,11.464,0.02,6407
51,5803.15,V,11.59,0.02,5448
57,5803.52,R,11.353,0.025,6407
55,5803.52,B,11.454,0.015,4361
54,5803.52,U,11.094,0.024,3663
58,5803.52,I,11.293,0.048,7980
56,5803.52,V,11.46,0.02,5448
567,5803.695,H,11.317,0.01,16300
1171,5803.794300000001,UVW1,12.4,0.04,2910
681,5803.796699999999,UVW2,14.15,0.04,2120
957,5803.799800000001,UVM2,15.17,0.05,2310
1579,5804.001199999999,V,11.32,0.04,5448
62,5804.15,R,11.136,0.02,6407
59,5804.15,U,10.988,0.019,3663
60,5804.15,B,11.216,0.03,4361
61,5804.15,V,11.236,0.021,5448
63,5804.15,I,11.129,0.03,7980
64,5804.53,U,10.688,0.019,3663
65,5804.53,B,11.142,0.016,4361
66,5804.53,V,11.152,0.022,5448
67,5804.53,R,11.039,0.024,6407
68,5804.53,I,10.995,0.059,7980
568,5804.6990000000005,H,11.124,0.008,16300
682,5804.865599999997,UVW2,13.66,0.04,2120
958,5804.869700000003,UVM2,14.59,0.04,2310
1172,5804.873099999997,UVW1,11.9,0.04,2910
683,5804.9179,UVW2,13.63,0.04,2120
959,5804.923499999997,UVM2,14.53,0.04,2310
1173,5804.927900000002,UVW1,11.93,0.04,2910
1580,5804.934200000003,V,11.11,0.04,5448
69,5805.15,U,10.557,0.015,3663
73,5805.15,I,10.9,0.03,7980
70,5805.15,B,10.943,0.03,4361
72,5805.15,R,10.854,0.02,6407
71,5805.15,V,11.002,0.02,5448
74,5805.51,B,10.929,0.011,4361
77,5805.51,I,10.878,0.023,7980
75,5805.51,V,10.972,0.021,5448
76,5805.51,R,10.835,0.014,6407
78,5805.52,U,10.4,0.038,3663
82,5805.52,I,10.763,0.05,7980
81,5805.52,R,10.788,0.025,6407
80,5805.52,V,10.903,0.02,5448
79,5805.52,B,10.861,0.014,4361
684,5805.8603,UVW2,13.32,0.04,2120
960,5805.865599999997,UVM2,14.09,0.04,2310
1174,5805.870000000003,UVW1,11.59,0.04,2910
83,5806.14,U,10.379,0.017,3663
87,5806.14,I,10.666,0.03,7980
84,5806.14,B,10.743,0.03,4361
86,5806.14,R,10.688,0.02,6407
85,5806.14,V,10.697,0.02,5448
685,5806.2572,UVW2,13.21,0.04,2120
961,5806.2600999999995,UVM2,13.96,0.04,2310
1175,5806.262300000002,UVW1,11.49,0.04,2910
1581,5806.267899999999,V,10.85,0.04,5448
91,5806.51,I,10.734,0.066,7980
90,5806.51,R,10.651,0.035,6407
88,5806.51,B,10.75,0.01,4361
89,5806.51,V,10.744,0.013,5448
93,5806.52,B,10.662,0.025,4361
94,5806.52,V,10.628,0.022,5448
95,5806.52,R,10.581,0.025,6407
96,5806.52,I,10.553,0.043,7980
92,5806.52,U,10.19,0.028,3663
1582,5806.523699999998,V,10.82,0.04,5448
686,5806.534500000002,UVW2,13.16,0.04,2120
962,5806.5864,UVM2,13.93,0.05,2310
1176,5806.587200000002,UVW1,11.46,0.04,2910
687,5806.6008,UVW2,13.11,0.04,2120
571,5806.648000000001,K,10.809,0.014,21900
569,5806.648000000001,J,10.685,0.013,12200
570,5806.648000000001,H,10.849,0.008,16300
963,5806.652600000001,UVM2,13.82,0.05,2310
1177,5806.653700000003,UVW1,11.45,0.04,2910
688,5806.6708,UVW2,13.1,0.04,2120
964,5806.786500000002,UVM2,13.84,0.05,2310
689,5806.804799999998,UVW2,13.06,0.04,2120
965,5806.9205,UVM2,13.78,0.05,2310
1178,5806.921699999999,UVW1,11.41,0.04,2910
690,5806.9355,UVW2,13.03,0.04,2120
100,5807.14,R,10.46,0.02,6407
97,5807.14,U,10.16,0.088,3663
98,5807.14,B,10.519,0.03,4361
99,5807.14,V,10.559,0.02,5448
101,5807.14,I,10.519,0.03,7980
691,5807.192999999999,UVW2,13.03,0.06,2120
692,5807.193800000001,UVW2,13.09,0.04,2120
966,5807.194900000002,UVM2,13.7,0.09,2310
967,5807.195699999997,UVM2,13.76,0.05,2310
1179,5807.197899999999,UVW1,11.32,0.04,2910
693,5807.201200000003,UVW2,13.01,0.04,2120
694,5807.322800000002,UVW2,12.97,0.04,2120
968,5807.327700000002,UVM2,13.64,0.04,2310
969,5807.523699999998,UVM2,13.56,0.05,2310
103,5807.54,B,10.473,0.021,4361
104,5807.54,V,10.504,0.023,5448
105,5807.54,R,10.423,0.029,6407
106,5807.54,I,10.443,0.044,7980
102,5807.54,U,9.94,0.018,3663
695,5807.541599999997,UVW2,12.93,0.04,2120
970,5807.589699999997,UVM2,13.56,0.05,2310
572,5807.601999999999,J,10.583,0.01,12200
573,5807.601999999999,H,10.768,0.008,16300
574,5807.601999999999,K,10.72,0.011,21900
696,5807.602299999999,UVW2,12.91,0.04,2120
971,5807.722800000003,UVM2,13.57,0.05,2310
697,5807.7336,UVW2,12.91,0.04,2120
108,5808.14,B,10.396,0.03,4361
109,5808.14,V,10.426,0.02,5448
107,5808.14,U,9.852,0.093,3663
111,5808.14,I,10.425,0.03,7980
110,5808.14,R,10.338,0.02,6407
698,5808.2598,UVW2,12.88,0.04,2120
972,5808.260900000001,UVM2,13.38,0.08,2310
973,5808.261700000003,UVM2,13.43,0.04,2310
1180,5808.263899999998,UVW1,11.17,0.04,2910
699,5808.267800000001,UVW2,12.85,0.04,2120
974,5808.271800000002,UVM2,13.48,0.04,2310
700,5808.4014000000025,UVW2,12.82,0.04,2120
975,5808.402999999998,UVM2,13.41,0.04,2310
113,5808.5,V,10.475,0.021,5448
112,5808.5,B,10.412,0.009,4361
114,5808.5,R,10.347,0.009,6407
115,5808.5,I,10.403,0.021,7980
116,5808.52,I,10.342,0.06,7980
701,5808.861499999999,UVW2,12.86,0.04,2120
976,5808.868199999997,UVM2,13.43,0.04,2310
120,5809.14,I,10.346,0.03,7980
118,5809.14,V,10.323,0.021,5448
117,5809.14,B,10.252,0.03,4361
119,5809.14,R,10.226,0.02,6407
702,5809.140099999997,UVW2,12.77,0.04,2120
977,5809.142899999999,UVM2,13.33,0.04,2310
703,5809.260499999997,UVW2,12.66,0.05,2120
704,5809.261299999998,UVW2,12.73,0.04,2120
978,5809.2624,UVM2,13.27,0.08,2310
979,5809.263200000001,UVM2,13.26,0.04,2310
1181,5809.265099999997,UVW1,11.06,0.04,2910
127,5809.52,V,10.372,0.034,5448
128,5809.52,R,10.271,0.021,6407
122,5809.52,B,10.214,0.014,4361
123,5809.52,V,10.216,0.023,5448
124,5809.52,R,10.185,0.026,6407
125,5809.52,I,10.24,0.048,7980
129,5809.52,I,10.313,0.043,7980
121,5809.52,U,9.714,0.054,3663
126,5809.52,B,10.281,0.01,4361
705,5809.610399999998,UVW2,12.72,0.04,2120
980,5809.614500000003,UVM2,13.26,0.04,2310
706,5809.798300000002,UVW2,12.69,0.04,2120
981,5809.803200000002,UVM2,13.24,0.04,2310
132,5810.14,V,10.212,0.02,5448
131,5810.14,B,10.171,0.03,4361
130,5810.14,U,9.607,0.147,3663
134,5810.14,I,10.27,0.03,7980
133,5810.14,R,10.167,0.02,6407
707,5810.5317,UVW2,12.69,0.05,2120
708,5810.532700000003,UVW2,12.65,0.04,2120
982,5810.536599999999,UVM2,13.08,0.06,2310
983,5810.537700000001,UVM2,13.18,0.04,2310
1182,5810.540099999998,UVW1,11.03,0.04,2910
709,5810.684000000001,UVW2,12.6,0.04,2120
710,5810.750999999997,UVW2,12.6,0.04,2120
711,5810.8174,UVW2,12.61,0.04,2120
712,5810.951399999998,UVW2,12.62,0.04,2120
713,5811.1342,UVW2,12.59,0.05,2120
714,5811.135199999997,UVW2,12.64,0.04,2120
984,5811.138899999998,UVM2,13.14,0.07,2310
985,5811.139900000002,UVM2,13.17,0.04,2310
138,5811.14,R,10.079,0.02,6407
135,5811.14,U,9.516,0.115,3663
136,5811.14,B,10.082,0.03,4361
137,5811.14,V,10.124,0.02,5448
139,5811.14,I,10.251,0.03,7980
1183,5811.1422999999995,UVW1,11.04,0.04,2910
715,5811.872300000003,UVW2,12.59,0.04,2120
986,5811.876700000001,UVM2,13.03,0.06,2310
987,5811.8778999999995,UVM2,13.09,0.04,2310
1184,5811.8807000000015,UVW1,11.0,0.04,2910
716,5812.0725999999995,UVW2,12.65,0.04,2120
988,5812.076800000003,UVM2,13.1,0.04,2310
1185,5812.0789,UVW1,11.03,0.04,2910
144,5812.14,I,10.228,0.03,7980
143,5812.14,R,10.057,0.02,6407
142,5812.14,V,10.079,0.02,5448
141,5812.14,B,10.017,0.03,4361
140,5812.14,U,9.527,0.028,3663
575,5812.612999999998,J,10.503,0.009,12200
576,5812.612999999998,H,10.804,0.008,16300
577,5812.612999999998,K,10.641,0.013,21900
717,5812.616099999999,UVW2,12.59,0.04,2120
989,5812.620199999998,UVM2,13.08,0.06,2310
990,5812.621400000004,UVM2,13.07,0.04,2310
1186,5812.624100000001,UVW1,11.02,0.04,2910
148,5813.14,R,10.02,0.02,6407
146,5813.14,B,9.969,0.03,4361
145,5813.14,U,9.545,0.088,3663
149,5813.14,I,10.243,0.03,7980
147,5813.14,V,9.996,0.02,5448
718,5813.752399999998,UVW2,12.62,0.04,2120
719,5813.753599999996,UVW2,12.61,0.04,2120
991,5813.758000000002,UVM2,13.03,0.06,2310
992,5813.7592,UVM2,13.03,0.04,2310
1187,5813.762000000002,UVW1,11.07,0.04,2910
720,5813.827700000002,UVW2,12.6,0.04,2120
993,5813.876799999998,UVM2,13.03,0.04,2310
721,5813.893799999998,UVW2,12.61,0.04,2120
722,5813.961799999997,UVW2,12.62,0.04,2120
994,5814.278200000001,UVM2,13.07,0.04,2310
723,5814.290500000003,UVW2,12.62,0.04,2120
995,5814.344799999999,UVM2,13.03,0.04,2310
724,5814.3605000000025,UVW2,12.63,0.04,2120
725,5814.413399999998,UVW2,12.66,0.04,2120
726,5814.415099999998,UVW2,12.63,0.04,2120
996,5814.421199999997,UVM2,13.07,0.05,2310
997,5814.422899999998,UVM2,13.05,0.04,2310
1188,5814.426899999999,UVW1,11.12,0.04,2910
727,5814.499400000001,UVW2,12.63,0.04,2120
728,5814.752800000002,UVW2,12.65,0.04,2120
998,5814.758600000001,UVM2,13.13,0.05,2310
999,5814.760399999999,UVM2,13.06,0.04,2310
1189,5814.764199999998,UVW1,11.14,0.04,2910
729,5814.891900000002,UVW2,12.69,0.04,2120
1000,5814.8963,UVM2,13.05,0.06,2310
1001,5814.897599999997,UVM2,13.1,0.04,2310
1190,5814.900399999999,UVW1,11.16,0.04,2910
153,5815.13,R,10.034,0.02,6407
152,5815.13,V,9.998,0.02,5448
151,5815.13,B,9.991,0.03,4361
150,5815.13,U,9.505,0.092,3663
154,5815.13,I,10.321,0.03,7980
730,5815.817499999997,UVW2,12.71,0.04,2120
731,5815.8183999999965,UVW2,12.73,0.04,2120
732,5815.824999999997,UVW2,12.72,0.04,2120
1002,5815.830699999999,UVM2,13.12,0.05,2310
1003,5815.832300000002,UVM2,13.09,0.04,2310
1191,5815.834999999999,UVW1,11.23,0.04,2910
733,5815.888500000001,UVW2,12.75,0.04,2120
156,5816.13,B,9.987,0.03,4361
155,5816.13,U,9.57,0.014,3663
159,5816.13,I,10.36,0.03,7980
158,5816.13,R,10.047,0.02,6407
157,5816.13,V,10.015,0.021,5448
734,5816.687899999997,UVW2,12.81,0.04,2120
735,5816.7042,UVW2,12.79,0.04,2120
736,5816.7552,UVW2,12.78,0.04,2120
737,5816.7702999999965,UVW2,12.78,0.04,2120
738,5816.821900000003,UVW2,12.75,0.04,2120
739,5816.834900000002,UVW2,12.8,0.04,2120
740,5816.888599999998,UVW2,12.76,0.04,2120
741,5816.896999999997,UVW2,12.8,0.04,2120
742,5816.968500000003,UVW2,12.86,0.04,2120
743,5816.974800000004,UVW2,12.8,0.04,2120
160,5817.13,U,9.589,0.07,3663
161,5817.13,B,10.034,0.03,4361
162,5817.13,V,9.984,0.02,5448
163,5817.13,R,10.004,0.02,6407
164,5817.13,I,10.41,0.03,7980
1004,5817.298699999999,UVM2,13.2,0.04,2310
1192,5817.358200000002,UVW1,11.43,0.04,2910
744,5817.363299999997,UVW2,12.86,0.04,2120
1005,5817.369200000001,UVM2,13.2,0.04,2310
745,5817.439700000003,UVW2,12.85,0.04,2120
746,5817.499799999998,UVW2,12.85,0.04,2120
165,5817.51,U,9.772,0.013,3663
166,5817.51,B,10.095,0.028,4361
168,5817.51,R,10.028,0.025,6407
167,5817.51,V,9.998,0.02,5448
169,5817.51,I,10.311,0.042,7980
1193,5817.8966999999975,UVW1,11.56,0.04,2910
747,5817.9028000000035,UVW2,12.92,0.04,2120
1006,5817.910199999998,UVM2,13.26,0.04,2310
172,5818.13,V,9.983,0.02,5448
174,5818.13,I,10.439,0.03,7980
170,5818.13,U,9.631,0.144,3663
171,5818.13,B,10.108,0.03,4361
173,5818.13,R,10.062,0.02,6407
748,5818.5638000000035,UVW2,13.03,0.04,2120
1007,5818.568800000001,UVM2,13.26,0.06,2310
1008,5818.570299999999,UVM2,13.35,0.04,2310
1194,5818.572,UVW1,11.63,0.04,2910
1195,5818.573499999999,UVW1,11.58,0.04,2910
580,5818.633000000002,K,10.89,0.012,21900
578,5818.633000000002,J,10.968,0.009,12200
579,5818.633000000002,H,11.028,0.008,16300
179,5819.13,I,10.501,0.03,7980
178,5819.13,R,10.081,0.02,6407
177,5819.13,V,10.025,0.02,5448
175,5819.13,U,9.613,0.025,3663
176,5819.13,B,10.117,0.03,4361
749,5819.582999999999,UVW2,13.11,0.04,2120
581,5819.5899999999965,J,11.072,0.009,12200
582,5819.5899999999965,H,11.036,0.008,16300
583,5819.5899999999965,K,10.912,0.011,21900
750,5819.649700000002,UVW2,13.15,0.04,2120
751,5819.716999999997,UVW2,13.1,0.04,2120
752,5819.7837,UVW2,13.1,0.04,2120
753,5819.851000000002,UVW2,13.08,0.04,2120
180,5820.13,U,9.754,0.1,3663
754,5820.3724,UVW2,13.23,0.06,2120
755,5820.3735000000015,UVW2,13.2,0.04,2120
1009,5820.377399999998,UVM2,13.61,0.08,2310
1010,5820.378499999999,UVM2,13.57,0.04,2310
1196,5820.3799,UVW1,11.93,0.04,2910
1197,5820.381000000001,UVW1,11.83,0.04,2910
756,5820.437700000002,UVW2,13.26,0.05,2120
757,5820.439299999998,UVW2,13.22,0.04,2120
1011,5820.446400000001,UVM2,13.59,0.04,2310
1198,5820.448400000001,UVW1,11.87,0.04,2910
1199,5820.449999999997,UVW1,11.85,0.04,2910
585,5820.5899999999965,H,11.035,0.009,16300
584,5820.5899999999965,J,11.224,0.012,12200
586,5820.5899999999965,K,10.955,0.012,21900
181,5821.12,U,9.8,0.04,3663
182,5821.12,B,10.188,0.03,4361
185,5821.12,I,10.594,0.03,7980
184,5821.12,R,10.187,0.02,6407
183,5821.12,V,10.107,0.021,5448
589,5821.5899999999965,K,10.994,0.013,21900
588,5821.5899999999965,H,11.059,0.008,16300
587,5821.5899999999965,J,11.4,0.01,12200
758,5821.711600000002,UVW2,13.31,0.06,2120
759,5821.7125000000015,UVW2,13.4,0.04,2120
1012,5821.716099999998,UVM2,13.69,0.09,2310
1013,5821.716999999997,UVM2,13.79,0.04,2310
1200,5821.7183,UVW1,12.12,0.04,2910
1201,5821.719299999997,UVW1,12.0,0.04,2910
186,5822.12,U,9.958,0.075,3663
187,5822.12,B,10.324,0.03,4361
188,5822.12,V,10.117,0.02,5448
760,5822.381099999999,UVW2,13.54,0.07,2120
761,5822.381999999998,UVW2,13.47,0.04,2120
762,5822.514999999999,UVW2,13.42,0.06,2120
763,5822.516000000003,UVW2,13.5,0.04,2120
1014,5822.519800000002,UVM2,13.88,0.09,2310
1015,5822.520799999998,UVM2,13.88,0.04,2310
1202,5822.522199999999,UVW1,12.02,0.04,2910
1203,5822.523200000003,UVW1,12.12,0.04,2910
764,5822.582499999997,UVW2,13.5,0.07,2120
765,5822.583400000003,UVW2,13.45,0.04,2120
1016,5822.5867,UVM2,14.02,0.1,2310
1017,5822.587599999999,UVM2,13.89,0.05,2310
1204,5822.5889000000025,UVW1,12.09,0.04,2910
1205,5822.589800000002,UVW1,12.13,0.04,2910
189,5823.52,U,10.224,0.019,3663
190,5823.52,B,10.447,0.015,4361
191,5823.52,V,10.184,0.023,5448
192,5823.52,R,10.351,0.027,6407
193,5823.52,I,10.667,0.047,7980
592,5823.5899999999965,K,11.061,0.011,21900
590,5823.5899999999965,J,11.86,0.009,12200
591,5823.5899999999965,H,11.096,0.008,16300
766,5823.921300000002,UVW2,13.67,0.07,2120
767,5823.922200000001,UVW2,13.68,0.04,2120
1018,5823.925300000003,UVM2,14.09,0.11,2310
1019,5823.926200000002,UVM2,14.03,0.05,2310
1206,5823.9274000000005,UVW1,12.31,0.04,2910
1207,5823.928200000002,UVW1,12.31,0.04,2910
195,5824.49,B,10.627,0.01,4361
194,5824.49,U,10.404,0.045,3663
196,5824.49,V,10.356,0.015,5448
197,5824.49,R,10.564,0.012,6407
198,5824.49,I,10.875,0.025,7980
595,5824.593999999997,K,11.076,0.012,21900
594,5824.593999999997,H,11.1,0.008,16300
593,5824.593999999997,J,12.063,0.009,12200
768,5824.792000000001,UVW2,13.77,0.06,2120
769,5824.793700000002,UVW2,13.78,0.04,2120
201,5825.49,V,10.471,0.017,5448
203,5825.49,I,10.969,0.026,7980
199,5825.49,U,10.564,0.043,3663
202,5825.49,R,10.65,0.01,6407
200,5825.49,B,10.667,0.01,4361
770,5826.404399999999,UVW2,14.06,0.08,2120
771,5826.405400000003,UVW2,14.02,0.04,2120
1020,5826.409299999999,UVM2,14.41,0.11,2310
1021,5826.410300000003,UVM2,14.36,0.05,2310
1208,5826.411699999997,UVW1,12.54,0.04,2910
1209,5826.412799999998,UVW1,12.6,0.04,2910
772,5826.4686,UVW2,13.95,0.08,2120
773,5826.469499999999,UVW2,14.0,0.04,2120
1022,5826.472800000003,UVM2,14.45,0.13,2310
1023,5826.473700000002,UVM2,14.41,0.05,2310
1210,5826.4749999999985,UVW1,12.66,0.05,2910
1211,5826.475899999998,UVW1,12.63,0.04,2910
208,5826.49,I,10.956,0.025,7980
206,5826.49,V,10.456,0.012,5448
205,5826.49,B,10.8,0.009,4361
204,5826.49,U,10.676,0.041,3663
207,5826.49,R,10.636,0.011,6407
774,5826.538200000003,UVW2,14.06,0.09,2120
775,5826.538999999997,UVW2,14.0,0.04,2120
1024,5826.540200000003,UVM2,14.16,0.11,2310
1025,5826.540999999997,UVM2,14.41,0.06,2310
1212,5826.542099999999,UVW1,12.65,0.05,2910
1213,5826.542399999998,UVW1,12.53,0.09,2910
776,5826.551899999999,UVW2,13.98,0.06,2120
1214,5826.600899999998,UVW1,12.68,0.04,2910
777,5826.612699999998,UVW2,14.0,0.04,2120
596,5826.620999999999,J,12.326,0.01,12200
597,5826.620999999999,H,11.084,0.008,16300
598,5826.620999999999,K,11.075,0.012,21900
1215,5826.7376,UVW1,12.7,0.04,2910
778,5826.747499999998,UVW2,14.02,0.05,2120
1216,5826.799899999998,UVW1,12.73,0.04,2910
779,5826.810700000002,UVW2,14.03,0.05,2120
1217,5826.934500000003,UVW1,12.73,0.04,2910
780,5826.9447,UVW2,13.99,0.05,2120
1218,5827.0049,UVW1,12.69,0.04,2910
781,5827.018900000003,UVW2,14.04,0.04,2120
1219,5827.144500000002,UVW1,12.72,0.04,2910
782,5827.154499999997,UVW2,14.11,0.05,2120
209,5827.47,U,10.84,0.051,3663
210,5827.47,B,10.933,0.011,4361
211,5827.47,V,10.474,0.017,5448
212,5827.47,R,10.692,0.014,6407
213,5827.47,I,10.969,0.02,7980
599,5827.586000000003,J,12.382,0.011,12200
600,5827.586000000003,H,11.045,0.009,16300
601,5827.586000000003,K,11.061,0.013,21900
1026,5827.6731,UVM2,14.48,0.11,2310
1027,5827.674200000001,UVM2,14.51,0.05,2310
1347,5827.679100000001,U,11.26,0.04,3663
216,5828.48,V,10.558,0.011,5448
218,5828.48,I,10.978,0.018,7980
214,5828.48,U,10.939,0.042,3663
215,5828.48,B,11.039,0.009,4361
217,5828.48,R,10.731,0.016,6407
783,5828.940300000002,UVW2,14.16,0.07,2120
784,5828.941500000001,UVW2,14.32,0.04,2120
1028,5828.945800000001,UVM2,14.79,0.12,2310
1029,5828.947,UVM2,14.6,0.05,2310
1220,5828.948499999999,UVW1,12.85,0.05,2910
1221,5828.949699999997,UVW1,12.97,0.04,2910
1348,5828.952400000002,U,11.44,0.04,3663
785,5829.010399999999,UVW2,14.41,0.1,2120
786,5829.011299999998,UVW2,14.32,0.05,2120
1030,5829.014600000002,UVM2,14.71,0.14,2310
1031,5829.015399999997,UVM2,14.77,0.06,2310
1222,5829.016600000003,UVW1,13.05,0.05,2910
1223,5829.017500000002,UVW1,12.97,0.04,2910
1349,5829.019500000002,U,11.44,0.04,3663
787,5829.341200000003,UVW2,14.28,0.1,2120
788,5829.341999999997,UVW2,14.36,0.05,2120
1032,5829.343099999998,UVM2,14.9,0.16,2310
1033,5829.3439,UVM2,14.77,0.06,2310
1224,5829.345099999999,UVW1,13.01,0.06,2910
789,5829.359400000001,UVW2,14.29,0.05,2120
223,5829.46,I,10.935,0.022,7980
222,5829.46,R,10.763,0.028,6407
221,5829.46,V,10.632,0.037,5448
220,5829.46,B,11.138,0.008,4361
219,5829.46,U,11.207,0.194,3663
790,5829.475100000003,UVW2,14.35,0.05,2120
791,5829.492400000003,UVW2,14.34,0.05,2120
1034,5829.5418999999965,UVM2,14.81,0.07,2310
792,5829.555699999997,UVW2,14.35,0.05,2120
604,5829.608999999997,K,11.014,0.012,21900
603,5829.608999999997,H,10.966,0.008,16300
602,5829.608999999997,J,12.394,0.009,12200
1035,5829.877800000002,UVM2,14.78,0.06,2310
793,5829.889900000002,UVW2,14.49,0.05,2120
1036,5830.014600000002,UVM2,14.91,0.06,2310
794,5830.027999999998,UVW2,14.39,0.05,2120
228,5830.47,I,10.923,0.031,7980
227,5830.47,R,10.827,0.032,6407
226,5830.47,V,10.701,0.022,5448
225,5830.47,B,11.311,0.021,4361
224,5830.47,U,11.228,0.068,3663
795,5831.290200000003,UVW2,14.67,0.1,2120
796,5831.291299999997,UVW2,14.59,0.05,2120
1583,5831.294000000002,V,10.89,0.04,5448
1037,5831.295400000003,UVM2,14.91,0.14,2310
1038,5831.2966000000015,UVM2,15.05,0.06,2310
1225,5831.2981,UVW1,13.21,0.05,2910
1226,5831.299200000001,UVW1,13.3,0.04,2910
1350,5831.301500000001,U,11.76,0.04,3663
797,5831.413099999998,UVW2,14.5,0.1,2120
798,5831.414100000002,UVW2,14.56,0.05,2120
1584,5831.416499999999,V,10.89,0.04,5448
1039,5831.417800000003,UVM2,15.36,0.18,2310
1040,5831.418899999997,UVM2,15.02,0.06,2310
1227,5831.4202000000005,UVW1,13.27,0.06,2910
1228,5831.421300000002,UVW1,13.29,0.04,2910
1351,5831.423199999997,U,11.78,0.04,3663
799,5832.482900000003,UVW2,14.73,0.11,2120
800,5832.483800000002,UVW2,14.76,0.05,2120
1585,5832.486100000002,V,10.93,0.04,5448
1041,5832.487399999998,UVM2,15.06,0.16,2310
1042,5832.488299999997,UVM2,15.14,0.07,2310
1229,5832.489600000001,UVW1,13.5,0.06,2910
1230,5832.490599999997,UVW1,13.45,0.04,2910
1352,5832.492599999998,U,11.92,0.04,3663
232,5832.5,R,10.715,0.026,6407
229,5832.5,U,11.425,0.013,3663
230,5832.5,B,11.328,0.026,4361
231,5832.5,V,10.759,0.032,5448
233,5832.5,I,10.716,0.064,7980
605,5832.5899999999965,J,12.287,0.011,12200
607,5832.5899999999965,K,10.909,0.012,21900
606,5832.5899999999965,H,10.827,0.008,16300
801,5832.617299999998,UVW2,14.88,0.1,2120
802,5832.634700000002,UVW2,14.75,0.05,2120
803,5832.683900000004,UVW2,14.7,0.09,2120
804,5832.701399999998,UVW2,14.72,0.05,2120
805,5832.750500000002,UVW2,14.81,0.07,2120
806,5832.7634000000035,UVW2,14.82,0.06,2120
807,5832.8211999999985,UVW2,14.75,0.06,2120
808,5832.8355999999985,UVW2,14.74,0.05,2120
809,5832.8842,UVW2,14.73,0.06,2120
810,5832.902099999999,UVW2,14.78,0.05,2120
811,5832.952599999997,UVW2,14.86,0.09,2120
812,5832.954400000002,UVW2,14.76,0.05,2120
1586,5832.958200000001,V,10.96,0.04,5448
1043,5832.960200000001,UVM2,15.1,0.12,2310
1044,5832.961900000002,UVM2,15.12,0.06,2310
1231,5832.964,UVW1,13.4,0.05,2910
1232,5832.965700000001,UVW1,13.48,0.04,2910
1353,5832.969499999999,U,11.99,0.04,3663
813,5833.023000000001,UVW2,14.67,0.11,2120
814,5833.023999999998,UVW2,14.79,0.05,2120
1587,5833.026299999998,V,10.94,0.04,5448
1045,5833.027600000001,UVM2,15.09,0.17,2310
1046,5833.0285,UVM2,15.18,0.07,2310
1233,5833.029900000001,UVW1,13.43,0.06,2910
1234,5833.0308,UVW1,13.5,0.04,2910
1354,5833.032500000001,U,12.01,0.04,3663
234,5833.46,B,11.637,0.012,4361
235,5833.46,V,10.807,0.025,5448
236,5833.46,R,10.814,0.012,6407
237,5833.46,I,10.851,0.03,7980
608,5833.597999999998,H,10.779,0.015,16300
239,5834.45,V,10.866,0.025,5448
241,5834.45,I,10.866,0.027,7980
240,5834.45,R,10.83,0.019,6407
238,5834.45,B,11.814,0.024,4361
609,5834.5899999999965,J,12.2,0.01,12200
610,5834.5899999999965,H,10.771,0.008,16300
611,5834.5899999999965,K,10.861,0.014,21900
815,5834.8894999999975,UVW2,15.0,0.1,2120
816,5834.891100000001,UVW2,14.91,0.05,2120
1588,5834.8946,V,11.04,0.04,5448
1047,5834.896500000003,UVM2,15.47,0.15,2310
1048,5834.8980999999985,UVM2,15.27,0.06,2310
1235,5834.9000000000015,UVW1,13.62,0.05,2910
1236,5834.9015,UVW1,13.72,0.04,2910
1355,5834.9035,U,12.34,0.04,3663
1356,5834.904999999999,U,12.24,0.04,3663
817,5834.9591,UVW2,14.97,0.11,2120
818,5834.960200000001,UVW2,15.0,0.05,2120
1589,5834.962899999999,V,11.06,0.04,5448
1049,5834.964399999997,UVM2,15.57,0.19,2310
1050,5834.965499999998,UVM2,15.39,0.07,2310
1237,5834.966999999997,UVW1,13.76,0.06,2910
1238,5834.968200000003,UVW1,13.74,0.04,2910
1357,5834.9697000000015,U,12.36,0.04,3663
1358,5834.970800000003,U,12.25,0.04,3663
245,5835.45,R,10.786,0.042,6407
242,5835.45,U,11.527,0.573,3663
243,5835.45,B,11.918,0.008,4361
244,5835.45,V,10.952,0.046,5448
246,5835.45,I,10.852,0.066,7980
819,5835.963799999998,UVW2,15.07,0.05,2120
1590,5835.966800000002,V,11.12,0.04,5448
1051,5835.968500000003,UVM2,15.19,0.14,2310
1052,5835.969799999999,UVM2,15.46,0.07,2310
1239,5835.971400000002,UVW1,13.85,0.06,2910
1240,5835.972800000003,UVW1,13.84,0.04,2910
1359,5835.974399999999,U,12.38,0.04,3663
1360,5835.9755000000005,U,12.35,0.04,3663
820,5836.031999999999,UVW2,15.15,0.12,2120
821,5836.033100000001,UVW2,15.05,0.05,2120
1591,5836.0357,V,11.13,0.04,5448
1053,5836.037199999999,UVM2,15.51,0.18,2310
1054,5836.0383,UVM2,15.6,0.07,2310
1241,5836.039799999999,UVW1,13.88,0.07,2910
1242,5836.040999999997,UVW1,13.83,0.04,2910
1361,5836.042500000003,U,12.4,0.04,3663
1362,5836.0432,U,12.36,0.04,3663
1363,5836.169300000001,U,12.45,0.04,3663
822,5836.1802000000025,UVW2,15.1,0.07,2120
1364,5836.227599999998,U,12.49,0.04,3663
823,5836.2384999999995,UVW2,15.14,0.07,2120
1365,5836.294199999997,U,12.46,0.04,3663
824,5836.3052000000025,UVW2,15.08,0.07,2120
1366,5836.3609,U,12.51,0.04,3663
825,5836.371800000001,UVW2,15.05,0.06,2120
1367,5836.4283,U,12.48,0.04,3663
826,5836.439200000001,UVW2,15.12,0.07,2120
251,5836.45,I,10.827,0.043,7980
247,5836.45,U,12.2,0.044,3663
248,5836.45,B,12.001,0.013,4361
249,5836.45,V,11.011,0.023,5448
250,5836.45,R,10.859,0.017,6407
1368,5836.494899999998,U,12.46,0.04,3663
827,5836.511200000001,UVW2,15.09,0.06,2120
828,5836.5611999999965,UVW2,15.16,0.06,2120
829,5836.572500000002,UVW2,15.06,0.06,2120
614,5836.586000000003,K,10.821,0.012,21900
612,5836.586000000003,J,12.111,0.01,12200
613,5836.586000000003,H,10.726,0.008,16300
830,5836.628299999997,UVW2,15.19,0.08,2120
831,5836.639199999998,UVW2,15.09,0.07,2120
832,5836.705399999999,UVW2,15.19,0.1,2120
833,5836.7143,UVW2,15.07,0.07,2120
834,5836.895799999998,UVW2,15.27,0.12,2120
835,5836.896999999997,UVW2,15.21,0.06,2120
1055,5836.9015,UVM2,15.71,0.19,2310
1056,5836.902699999999,UVM2,15.58,0.07,2310
1243,5836.904300000002,UVW1,13.96,0.07,2910
1244,5836.905599999998,UVW1,13.9,0.04,2910
256,5837.45,I,10.787,0.019,7980
252,5837.45,U,12.126,0.065,3663
253,5837.45,B,12.155,0.009,4361
254,5837.45,V,11.023,0.037,5448
255,5837.45,R,10.851,0.013,6407
616,5837.578000000001,H,10.715,0.008,16300
617,5837.578000000001,K,10.808,0.013,21900
615,5837.578000000001,J,12.051,0.01,12200
836,5837.833599999998,UVW2,15.17,0.1,2120
837,5837.835200000001,UVW2,15.24,0.05,2120
1592,5837.838799999998,V,11.21,0.04,5448
1057,5837.840799999998,UVM2,15.48,0.15,2310
1058,5837.842400000001,UVM2,15.53,0.06,2310
1245,5837.844400000002,UVW1,14.03,0.06,2910
1246,5837.845999999998,UVW1,13.97,0.04,2910
1369,5837.847999999998,U,12.55,0.04,3663
1370,5837.849600000001,U,12.55,0.04,3663
838,5838.4378,UVW2,15.21,0.12,2120
839,5838.438900000001,UVW2,15.27,0.06,2120
1593,5838.441500000001,V,11.23,0.04,5448
1059,5838.442999999999,UVM2,15.81,0.22,2310
1060,5838.444100000001,UVM2,15.69,0.08,2310
1247,5838.445599999999,UVW1,14.15,0.07,2910
1248,5838.446799999998,UVW1,14.05,0.04,2910
1371,5838.448199999999,U,12.63,0.04,3663
1372,5838.449399999998,U,12.62,0.04,3663
840,5839.108099999998,UVW2,15.17,0.12,2120
841,5839.109299999996,UVW2,15.38,0.06,2120
1594,5839.1120999999985,V,11.27,0.04,5448
1061,5839.113700000002,UVM2,15.87,0.22,2310
1062,5839.1149000000005,UVM2,15.64,0.07,2310
1249,5839.116399999999,UVW1,14.02,0.07,2910
1250,5839.1177000000025,UVW1,14.13,0.04,2910
1373,5839.119200000001,U,12.66,0.04,3663
1374,5839.1204,U,12.67,0.04,3663
261,5839.45,I,10.743,0.035,7980
257,5839.45,U,12.663,0.068,3663
260,5839.45,R,10.92,0.017,6407
259,5839.45,V,11.196,0.027,5448
258,5839.45,B,12.243,0.009,4361
620,5839.57,K,10.818,0.011,21900
619,5839.57,H,10.704,0.008,16300
618,5839.57,J,11.927,0.009,12200
842,5839.707999999999,UVW2,15.3,0.12,2120
843,5839.709499999997,UVW2,15.41,0.06,2120
1595,5839.712800000001,V,11.3,0.04,5448
1063,5839.714599999999,UVM2,15.76,0.18,2310
1064,5839.716,UVM2,15.76,0.07,2310
1251,5839.717900000003,UVW1,14.15,0.07,2910
1252,5839.719299999997,UVW1,14.15,0.04,2910
1375,5839.7212,U,12.77,0.04,3663
1376,5839.722600000001,U,12.75,0.04,3663
844,5839.8482,UVW2,15.29,0.16,2120
845,5839.849000000002,UVW2,15.44,0.07,2120
1596,5839.8511,V,11.31,0.04,5448
1065,5839.852200000001,UVM2,15.77,0.26,2310
1066,5839.8531,UVM2,15.81,0.09,2310
1253,5839.854299999999,UVW1,14.14,0.09,2910
1254,5839.855100000001,UVW1,14.14,0.04,2910
1377,5839.8562999999995,U,12.81,0.04,3663
1378,5839.857100000001,U,12.72,0.04,3663
265,5840.45,R,10.949,0.013,6407
264,5840.45,V,11.234,0.021,5448
263,5840.45,B,12.31,0.01,4361
262,5840.45,U,12.637,0.042,3663
266,5840.45,I,10.749,0.024,7980
846,5840.841200000003,UVW2,15.31,0.12,2120
847,5840.842499999999,UVW2,15.4,0.06,2120
1597,5840.845300000001,V,11.39,0.04,5448
1067,5840.846899999997,UVM2,15.77,0.2,2310
1068,5840.8482,UVM2,15.8,0.08,2310
1255,5840.849800000004,UVW1,14.22,0.07,2910
1256,5840.851000000002,UVW1,14.26,0.04,2910
1379,5840.852599999998,U,12.84,0.04,3663
1380,5840.853900000002,U,12.83,0.04,3663
848,5841.3836999999985,UVW2,15.56,0.15,2120
849,5841.3848,UVW2,15.46,0.06,2120
1598,5841.3874,V,11.38,0.04,5448
1069,5841.388899999998,UVM2,16.08,0.25,2310
1070,5841.389999999999,UVM2,15.77,0.08,2310
1257,5841.3914,UVW1,14.34,0.08,2910
1258,5841.392599999999,UVW1,14.27,0.04,2910
1381,5841.394,U,12.78,0.04,3663
1382,5841.395199999999,U,12.85,0.04,3663
267,5841.48,B,12.422,0.011,4361
268,5841.48,V,11.305,0.05,5448
269,5841.48,R,11.032,0.035,6407
270,5841.48,I,10.747,0.025,7980
850,5841.507899999997,UVW2,15.52,0.18,2120
851,5841.5086999999985,UVW2,15.47,0.07,2120
1071,5841.509899999997,UVM2,15.42,0.21,2310
1072,5841.510699999999,UVM2,15.77,0.09,2310
1259,5841.5118,UVW1,14.28,0.09,2910
1260,5841.512300000002,UVW1,14.29,0.06,2910
852,5841.5268,UVW2,15.47,0.08,2120
621,5841.5740000000005,J,11.788,0.011,12200
622,5841.5740000000005,H,10.734,0.008,16300
623,5841.5740000000005,K,10.845,0.011,21900
1073,5841.577299999997,UVM2,15.79,0.1,2310
853,5841.593200000003,UVW2,15.48,0.07,2120
1074,5841.642800000001,UVM2,15.85,0.08,2310
854,5841.660400000001,UVW2,15.48,0.07,2120
855,5841.848899999997,UVW2,15.57,0.15,2120
856,5841.8499999999985,UVW2,15.42,0.06,2120
1599,5841.852700000003,V,11.43,0.04,5448
1075,5841.854099999997,UVM2,15.49,0.18,2310
1076,5841.855300000003,UVM2,15.88,0.09,2310
1261,5841.856800000001,UVW1,14.16,0.07,2910
1262,5841.857900000003,UVW1,14.27,0.04,2910
1383,5841.859400000001,U,12.89,0.04,3663
1384,5841.860399999998,U,12.88,0.04,3663
1077,5842.047700000003,UVM2,15.89,0.08,2310
857,5842.065300000002,UVW2,15.49,0.07,2120
858,5842.387799999997,UVW2,15.64,0.15,2120
859,5842.388899999998,UVW2,15.53,0.06,2120
1600,5842.391499999998,V,11.44,0.04,5448
1078,5842.392999999996,UVM2,15.82,0.22,2310
1079,5842.394099999998,UVM2,15.76,0.08,2310
1263,5842.3956000000035,UVW1,14.42,0.08,2910
1264,5842.396800000002,UVW1,14.34,0.04,2910
1385,5842.398200000003,U,12.87,0.04,3663
1386,5842.399400000002,U,12.93,0.04,3663
1080,5842.445500000002,UVM2,15.88,0.12,2310
860,5842.461199999998,UVW2,15.55,0.07,2120
861,5842.982300000003,UVW2,15.55,0.15,2120
862,5842.983399999997,UVW2,15.54,0.06,2120
1601,5842.985999999997,V,11.51,0.04,5448
1081,5842.987500000003,UVM2,15.87,0.23,2310
1082,5842.988599999997,UVM2,15.93,0.09,2310
1265,5842.990100000003,UVW1,14.49,0.09,2910
1266,5842.991199999997,UVW1,14.41,0.04,2910
1387,5842.9927000000025,U,12.97,0.04,3663
1388,5842.993699999999,U,12.99,0.04,3663
863,5843.246800000001,UVW2,15.59,0.16,2120
864,5843.247799999997,UVW2,15.6,0.07,2120
1602,5843.250200000002,V,11.51,0.04,5448
1083,5843.251600000003,UVM2,16.18,0.28,2310
1084,5843.2526,UVM2,15.82,0.09,2310
1267,5843.254000000001,UVW1,14.4,0.09,2910
1268,5843.254999999997,UVW1,14.33,0.04,2910
1389,5843.256399999998,U,12.96,0.04,3663
1390,5843.2571000000025,U,13.0,0.04,3663
865,5843.515200000002,UVW2,15.66,0.16,2120
866,5843.5164,UVW2,15.56,0.06,2120
1603,5843.519,V,11.53,0.04,5448
1085,5843.520499999999,UVM2,16.15,0.26,2310
1086,5843.5216,UVM2,15.94,0.09,2310
1269,5843.5230999999985,UVW1,14.36,0.08,2910
1270,5843.524299999997,UVW1,14.44,0.04,2910
1391,5843.525800000003,U,13.05,0.04,3663
1392,5843.5262,U,13.02,0.04,3663
624,5843.5740000000005,J,11.713,0.01,12200
625,5843.5740000000005,H,10.797,0.008,16300
626,5843.5740000000005,K,10.939,0.012,21900
867,5843.581899999997,UVW2,15.78,0.17,2120
868,5843.582999999999,UVW2,15.61,0.07,2120
1604,5843.585500000001,V,11.55,0.04,5448
1087,5843.586900000002,UVM2,15.86,0.23,2310
1088,5843.588000000003,UVM2,16.01,0.09,2310
1271,5843.589399999997,UVW1,14.38,0.09,2910
1272,5843.590499999998,UVW1,14.41,0.04,2910
1393,5843.591999999997,U,12.94,0.04,3663
1394,5843.592299999997,U,13.02,0.04,3663
627,5844.605000000003,H,10.845,0.009,16300
869,5844.919300000001,UVW2,15.93,0.19,2120
870,5844.920400000003,UVW2,15.66,0.07,2120
1605,5844.922899999998,V,11.63,0.04,5448
1089,5844.924299999999,UVM2,15.69,0.21,2310
1090,5844.9254,UVM2,15.96,0.1,2310
1273,5844.926800000001,UVW1,14.52,0.09,2910
1274,5844.927900000002,UVW1,14.49,0.04,2910
1395,5844.929400000001,U,13.12,0.04,3663
1396,5844.9303999999975,U,13.11,0.04,3663
871,5844.985800000002,UVW2,16.64,0.3,2120
872,5844.986700000001,UVW2,15.72,0.07,2120
1606,5844.989000000001,V,11.62,0.04,5448
1091,5844.990299999998,UVM2,15.9,0.25,2310
1092,5844.991199999997,UVM2,15.88,0.09,2310
1275,5844.9925,UVW1,14.47,0.09,2910
1276,5844.993399999999,UVW1,14.46,0.05,2910
1397,5844.994700000003,U,13.12,0.04,3663
1398,5844.9954,U,13.13,0.04,3663
873,5845.0527,UVW2,15.74,0.2,2120
874,5845.053500000002,UVW2,15.74,0.08,2120
1093,5845.054600000003,UVM2,15.84,0.27,2310
1094,5845.0553999999975,UVM2,16.1,0.11,2310
875,5845.070500000002,UVW2,15.54,0.09,2120
876,5845.1198,UVW2,15.74,0.09,2120
877,5845.136899999998,UVW2,15.64,0.07,2120
878,5845.187100000003,UVW2,15.64,0.08,2120
879,5845.2042,UVW2,15.61,0.07,2120
880,5845.253700000001,UVW2,15.73,0.08,2120
881,5845.270900000003,UVW2,15.7,0.07,2120
882,5845.387799999997,UVW2,15.84,0.09,2120
883,5845.404199999997,UVW2,15.68,0.07,2120
628,5845.593999999997,J,11.718,0.01,12200
629,5845.593999999997,H,10.891,0.009,16300
630,5845.593999999997,K,11.04,0.015,21900
884,5846.197399999997,UVW2,15.68,0.15,2120
885,5846.198600000003,UVW2,15.69,0.07,2120
1607,5846.201399999998,V,11.71,0.04,5448
1095,5846.202899999997,UVM2,16.42,0.28,2310
1096,5846.204100000003,UVM2,16.03,0.09,2310
1277,5846.205699999999,UVW1,14.53,0.09,2910
1278,5846.206899999997,UVW1,14.56,0.04,2910
1399,5846.208400000003,U,13.25,0.04,3663
1400,5846.209600000002,U,13.17,0.04,3663
886,5846.933499999999,UVW2,15.98,0.19,2120
887,5846.934800000003,UVW2,15.86,0.07,2120
1608,5846.9375999999975,V,11.76,0.04,5448
1097,5846.939200000001,UVM2,15.85,0.21,2310
1098,5846.9403999999995,UVM2,16.11,0.09,2310
1279,5846.942000000003,UVW1,14.62,0.09,2910
1280,5846.943299999999,UVW1,14.64,0.05,2910
1401,5846.944900000002,U,13.27,0.04,3663
1402,5846.946100000001,U,13.2,0.04,3663
271,5847.44,B,12.888,0.016,4361
272,5847.44,V,11.679,0.054,5448
273,5847.44,R,11.348,0.05,6407
274,5847.44,I,11.056,0.095,7980
1281,5847.534899999999,UVW1,14.68,0.04,2910
1403,5847.536999999997,U,13.25,0.04,3663
888,5847.541299999997,UVW2,16.0,0.06,2120
1099,5847.548900000002,UVM2,16.02,0.06,2310
632,5847.5740000000005,H,11.03,0.008,16300
631,5847.5740000000005,J,11.865,0.022,12200
633,5847.5740000000005,K,11.215,0.013,21900
1404,5848.007899999997,U,13.31,0.04,3663
1405,5848.0086999999985,U,13.27,0.04,3663
1491,5848.010600000001,B,12.9,0.04,4361
1609,5848.0118,V,11.9,0.04,5448
1610,5848.0164,V,11.85,0.04,5448
276,5848.45,B,12.942,0.013,4361
278,5848.45,R,11.457,0.024,6407
279,5848.45,I,11.089,0.023,7980
277,5848.45,V,11.749,0.01,5448
275,5848.45,U,12.938,0.058,3663
634,5848.57,J,11.955,0.011,12200
635,5848.57,H,11.101,0.008,16300
636,5848.57,K,11.289,0.012,21900
1282,5849.0023,UVW1,14.64,0.04,2910
1406,5849.004500000003,U,13.3,0.04,3663
889,5849.0086999999985,UVW2,15.83,0.05,2120
1611,5849.011899999998,V,11.94,0.04,5448
1100,5849.016300000003,UVM2,16.13,0.07,2310
639,5849.565999999999,K,11.405,0.026,21900
637,5849.565999999999,J,12.052,0.009,12200
638,5849.565999999999,H,11.178,0.01,16300
1283,5850.210899999998,UVW1,14.7,0.04,2910
1407,5850.212800000001,U,13.38,0.04,3663
890,5850.216500000002,UVW2,15.86,0.06,2120
1101,5850.223400000003,UVM2,16.15,0.07,2310
280,5850.44,U,13.152,0.065,3663
283,5850.44,R,11.598,0.022,6407
284,5850.44,I,11.237,0.025,7980
282,5850.44,V,11.854,0.022,5448
281,5850.44,B,13.045,0.013,4361
642,5850.565999999999,K,11.467,0.013,21900
640,5850.565999999999,J,12.135,0.016,12200
641,5850.565999999999,H,11.245,0.008,16300
1408,5851.154999999999,U,13.42,0.05,3663
1409,5851.1558,U,13.4,0.04,3663
1492,5851.157800000001,B,13.03,0.04,4361
1612,5851.159,V,12.0,0.04,5448
1613,5851.160900000003,V,12.01,0.04,5448
1284,5851.224699999999,UVW1,14.77,0.04,2910
1410,5851.226499999997,U,13.36,0.04,3663
891,5851.228900000002,UVW2,15.98,0.07,2120
285,5851.44,U,13.091,0.06,3663
286,5851.44,B,13.048,0.026,4361
287,5851.44,V,11.93,0.012,5448
288,5851.44,R,11.646,0.02,6407
289,5851.44,I,11.31,0.023,7980
644,5851.57,H,11.304,0.008,16300
645,5851.57,K,11.517,0.013,21900
643,5851.57,J,12.257,0.013,12200
1411,5851.737800000003,U,13.49,0.05,3663
1412,5851.738599999997,U,13.4,0.04,3663
1493,5851.739800000003,B,13.18,0.04,4361
1494,5851.740599999997,B,13.05,0.04,4361
1614,5851.741699999999,V,12.07,0.04,5448
1615,5851.7428999999975,V,12.02,0.04,5448
1285,5851.8145,UVW1,14.8,0.04,2910
1413,5851.816500000001,U,13.45,0.04,3663
892,5851.820500000002,UVW2,15.98,0.06,2120
1616,5851.823400000001,V,12.04,0.04,5448
1102,5851.827899999997,UVM2,16.19,0.07,2310
290,5852.45,U,13.309,0.042,3663
292,5852.45,V,11.948,0.013,5448
291,5852.45,B,13.106,0.017,4361
293,5852.45,R,11.677,0.015,6407
294,5852.45,I,11.365,0.028,7980
648,5852.561999999998,K,11.569,0.015,21900
647,5852.561999999998,H,11.356,0.01,16300
646,5852.561999999998,J,12.338,0.011,12200
1414,5852.8079,U,13.56,0.05,3663
1415,5852.808799999999,U,13.46,0.04,3663
1495,5852.810700000002,B,13.07,0.04,4361
1617,5852.811900000001,V,12.07,0.04,5448
1618,5852.8139999999985,V,12.06,0.04,5448
1286,5853.209999999999,UVW1,14.83,0.04,2910
1416,5853.2119999999995,U,13.47,0.04,3663
1496,5853.213000000003,B,13.13,0.04,4361
893,5853.215900000003,UVW2,16.02,0.06,2120
1619,5853.218800000002,V,12.12,0.04,5448
1103,5853.2232,UVM2,16.35,0.07,2310
650,5853.57,H,11.415,0.01,16300
651,5853.57,K,11.632,0.013,21900
649,5853.57,J,12.425,0.012,12200
1287,5854.290000000001,UVW1,14.92,0.05,2910
1417,5854.291299999997,U,13.47,0.04,3663
1497,5854.292000000001,B,13.15,0.04,4361
894,5854.2929,UVW2,16.08,0.09,2120
1288,5854.353999999999,UVW1,14.94,0.05,2910
1418,5854.355199999998,U,13.5,0.04,3663
1498,5854.3557999999975,B,13.17,0.04,4361
1620,5854.359299999996,V,12.14,0.04,5448
1104,5854.360000000001,UVM2,16.1,0.14,2310
1289,5855.081299999998,UVW1,14.94,0.05,2910
1419,5855.082600000002,U,13.52,0.04,3663
1499,5855.083299999998,B,13.2,0.04,4361
895,5855.085299999999,UVW2,16.1,0.07,2120
1621,5855.087299999999,V,12.18,0.04,5448
1105,5855.0903000000035,UVM2,16.4,0.08,2310
1290,5855.1514000000025,UVW1,14.92,0.05,2910
1420,5855.152699999999,U,13.51,0.04,3663
1500,5855.153400000003,B,13.2,0.04,4361
896,5855.155400000003,UVW2,16.14,0.07,2120
1622,5855.157399999996,V,12.16,0.04,5448
1106,5855.160499999998,UVM2,16.37,0.08,2310
1291,5855.8842,UVW1,14.94,0.05,2910
1421,5855.885399999999,U,13.57,0.04,3663
1501,5855.886100000003,B,13.19,0.04,4361
897,5855.887999999999,UVW2,16.14,0.07,2120
1623,5855.889799999997,V,12.2,0.04,5448
1107,5855.892699999997,UVM2,16.42,0.08,2310
1292,5855.951200000003,UVW1,14.93,0.05,2910
1422,5855.952400000002,U,13.59,0.04,3663
1502,5855.953000000001,B,13.22,0.04,4361
898,5855.9547999999995,UVW2,16.12,0.07,2120
1624,5855.9565,V,12.24,0.04,5448
1108,5855.959300000002,UVM2,16.44,0.09,2310
1293,5856.953699999998,UVW1,14.93,0.05,2910
1423,5856.955199999997,U,13.59,0.04,3663
1503,5856.955999999998,B,13.19,0.04,4361
899,5856.958299999998,UVW2,16.12,0.06,2120
1625,5856.9605999999985,V,12.23,0.04,5448
1109,5856.963799999998,UVM2,16.36,0.08,2310
1294,5857.0196,UVW1,14.92,0.06,2910
1424,5857.020199999999,U,13.61,0.04,3663
1504,5857.020499999999,B,13.24,0.04,4361
900,5857.021399999998,UVW2,16.07,0.08,2120
1626,5857.022199999999,V,12.3,0.04,5448
1110,5857.023399999998,UVM2,16.55,0.12,2310
1425,5857.024599999997,U,13.65,0.05,3663
1426,5857.025399999999,U,13.66,0.04,3663
1505,5857.026599999997,B,13.3,0.04,4361
1506,5857.027399999999,B,13.24,0.04,4361
1627,5857.028599999998,V,12.25,0.04,5448
1628,5857.0311,V,12.25,0.04,5448
1295,5858.022499999999,UVW1,15.01,0.06,2910
1427,5858.0230999999985,U,13.62,0.04,3663
1507,5858.023399999998,B,13.31,0.04,4361
901,5858.024299999997,UVW2,16.16,0.09,2120
1629,5858.025099999999,V,12.3,0.04,5448
1111,5858.0262,UVM2,16.45,0.11,2310
1428,5858.027399999999,U,13.56,0.05,3663
1429,5858.028200000001,U,13.63,0.04,3663
295,5858.43,U,13.358,0.064,3663
296,5858.43,B,13.281,0.009,4361
297,5858.43,V,12.152,0.019,5448
298,5858.43,R,11.936,0.013,6407
299,5858.43,I,11.686,0.022,7980
1296,5859.029000000002,UVW1,14.98,0.05,2910
1430,5859.030200000001,U,13.63,0.04,3663
1508,5859.0308,B,13.27,0.04,4361
902,5859.032599999999,UVW2,16.2,0.07,2120
1630,5859.034299999999,V,12.27,0.04,5448
1112,5859.037100000001,UVM2,16.55,0.09,2310
1297,5859.502,UVW1,15.06,0.05,2910
1431,5859.503100000002,U,13.66,0.04,3663
1509,5859.503700000001,B,13.28,0.04,4361
903,5859.505299999997,UVW2,16.24,0.07,2120
1631,5859.506999999998,V,12.29,0.04,5448
1113,5859.5095,UVM2,16.55,0.09,2310
1432,5859.561699999998,U,13.62,0.04,3663
1510,5859.561999999998,B,13.29,0.04,4361
904,5859.563099999999,UVW2,16.27,0.09,2120
1632,5859.564100000003,V,12.31,0.04,5448
1114,5859.565900000001,UVM2,16.62,0.11,2310
1433,5859.5677,U,13.61,0.05,3663
1434,5859.568500000001,U,13.67,0.04,3663
1511,5859.5697,B,13.27,0.04,4361
654,5859.57,K,11.927,0.012,21900
653,5859.57,H,11.708,0.008,16300
652,5859.57,J,12.92,0.011,12200
1512,5859.570500000002,B,13.25,0.04,4361
1633,5859.571600000003,V,12.33,0.04,5448
1634,5859.573400000001,V,12.3,0.04,5448
1298,5860.630499999999,UVW1,15.21,0.05,2910
1435,5860.632400000002,U,13.77,0.04,3663
1513,5860.633399999999,B,13.42,0.04,4361
905,5860.636200000001,UVW2,16.53,0.07,2120
1635,5860.639000000003,V,12.41,0.04,5448
1115,5860.642999999996,UVM2,16.75,0.09,2310
1436,5861.0985999999975,U,13.7,0.05,3663
1437,5861.099399999999,U,13.69,0.04,3663
1514,5861.100599999998,B,13.22,0.04,4361
1515,5861.1014,B,13.28,0.04,4361
1636,5861.102500000001,V,12.36,0.04,5448
1637,5861.103499999997,V,12.34,0.04,5448
1299,5861.767200000002,UVW1,15.09,0.05,2910
1438,5861.769,U,13.72,0.04,3663
1516,5861.769899999999,B,13.37,0.04,4361
906,5861.772599999997,UVW2,16.25,0.07,2120
1638,5861.775300000001,V,12.4,0.04,5448
1116,5861.779600000002,UVM2,16.67,0.09,2310
1439,5862.233899999999,U,13.77,0.05,3663
1440,5862.234700000001,U,13.73,0.04,3663
1517,5862.2359,B,13.37,0.04,4361
1518,5862.236700000001,B,13.29,0.04,4361
1639,5862.2379,V,12.36,0.04,5448
1640,5862.239500000003,V,12.37,0.04,5448
1300,5862.502800000002,UVW1,15.13,0.05,2910
1441,5862.5046,U,13.76,0.04,3663
1519,5862.505599999997,B,13.39,0.04,4361
907,5862.508300000001,UVW2,16.28,0.07,2120
1641,5862.510999999999,V,12.44,0.04,5448
1117,5862.515099999997,UVM2,16.6,0.09,2310
1442,5863.638700000003,U,13.69,0.05,3663
1443,5863.6394999999975,U,13.72,0.04,3663
1520,5863.640700000004,B,13.34,0.04,4361
1521,5863.641499999998,B,13.32,0.04,4361
1642,5863.642599999999,V,12.53,0.04,5448
1643,5863.644,V,12.42,0.04,5448
1301,5864.376600000003,UVW1,15.21,0.05,2910
1444,5864.378499999999,U,13.8,0.04,3663
1522,5864.379399999998,B,13.4,0.04,4361
908,5864.3822,UVW2,16.29,0.07,2120
1644,5864.385000000002,V,12.47,0.04,5448
1118,5864.389300000003,UVM2,16.68,0.09,2310
1445,5864.507700000002,U,13.85,0.05,3663
1446,5864.508500000004,U,13.76,0.04,3663
1523,5864.509700000002,B,13.46,0.04,4361
1524,5864.510499999997,B,13.36,0.04,4361
1645,5864.511599999998,V,12.48,0.04,5448
1646,5864.513200000001,V,12.44,0.04,5448
1302,5864.709699999999,UVW1,15.18,0.05,2910
1447,5864.7117,U,13.79,0.04,3663
1525,5864.712599999999,B,13.43,0.04,4361
909,5864.715499999998,UVW2,16.41,0.07,2120
1647,5864.7183,V,12.5,0.04,5448
1119,5864.722300000001,UVM2,16.8,0.1,2310
1448,5866.113100000002,U,13.8,0.05,3663
1449,5866.113899999997,U,13.89,0.04,3663
1526,5866.115100000003,B,13.39,0.04,4361
1527,5866.115899999997,B,13.38,0.04,4361
1648,5866.116999999998,V,12.46,0.04,5448
1649,5866.118699999999,V,12.49,0.04,5448
1303,5866.382599999997,UVW1,15.24,0.05,2910
1450,5866.384400000003,U,13.8,0.04,3663
1528,5866.385300000002,B,13.42,0.04,4361
910,5866.387999999999,UVW2,16.42,0.07,2120
1650,5866.390700000004,V,12.52,0.04,5448
1120,5866.3946,UVM2,16.68,0.09,2310
1451,5866.715199999999,U,13.76,0.05,3663
1452,5866.716,U,13.82,0.04,3663
1529,5866.717100000002,B,13.42,0.04,4361
1530,5866.718000000001,B,13.39,0.04,4361
1651,5866.719100000002,V,12.58,0.04,5448
1652,5866.720800000003,V,12.52,0.04,5448
1304,5866.855199999998,UVW1,15.32,0.06,2910
1453,5866.856,U,13.81,0.04,3663
1531,5866.856399999997,B,13.43,0.04,4361
911,5866.857600000003,UVW2,16.47,0.09,2120
1653,5866.858899999999,V,12.53,0.04,5448
1121,5866.860800000002,UVM2,16.91,0.12,2310
1305,5867.455000000002,UVW1,15.32,0.05,2910
1454,5867.456400000003,U,13.77,0.04,3663
1532,5867.457199999997,B,13.44,0.04,4361
912,5867.459300000002,UVW2,16.45,0.08,2120
1654,5867.461300000003,V,12.54,0.04,5448
1122,5867.464599999999,UVM2,16.8,0.1,2310
1455,5867.518799999998,U,13.88,0.05,3663
1456,5867.5196,U,13.85,0.04,3663
1533,5867.520799999998,B,13.42,0.04,4361
1534,5867.5216,B,13.38,0.04,4361
1655,5867.522799999999,V,12.56,0.04,5448
1656,5867.523999999998,V,12.55,0.04,5448
1306,5867.586199999998,UVW1,15.28,0.05,2910
1457,5867.588300000003,U,13.83,0.04,3663
1535,5867.5893,B,13.46,0.04,4361
913,5867.592400000001,UVW2,16.52,0.07,2120
1657,5867.595600000001,V,12.57,0.04,5448
1123,5867.600100000003,UVM2,16.89,0.1,2310
1307,5867.987200000003,UVW1,15.3,0.06,2910
1458,5867.9879,U,13.85,0.04,3663
1536,5867.988299999997,B,13.37,0.04,4361
914,5867.989300000001,UVW2,16.5,0.1,2120
1658,5867.990400000002,V,12.57,0.04,5448
1124,5867.992200000001,UVM2,16.83,0.12,2310
1459,5868.522299999997,U,13.9,0.06,3663
1460,5868.5230999999985,U,13.91,0.04,3663
1537,5868.5242,B,13.49,0.04,4361
1538,5868.5250000000015,B,13.4,0.04,4361
1659,5868.5262,V,12.61,0.04,5448
1660,5868.5274999999965,V,12.58,0.04,5448
1308,5868.6567,UVW1,15.3,0.05,2910
1461,5868.658499999998,U,13.87,0.04,3663
1539,5868.659500000002,B,13.5,0.04,4361
915,5868.662199999999,UVW2,16.55,0.08,2120
1661,5868.664900000003,V,12.6,0.04,5448
1125,5868.669099999999,UVM2,16.93,0.1,2310
1309,5872.608800000002,UVW1,15.43,0.05,2910
1462,5872.6106,U,13.96,0.04,3663
1540,5872.6115999999965,B,13.56,0.04,4361
916,5872.614300000001,UVW2,16.66,0.08,2120
1662,5872.616999999998,V,12.67,0.04,5448
1126,5872.620600000002,UVM2,17.05,0.12,2310
1310,5875.220300000001,UVW1,15.98,0.1,2910
1463,5875.2211000000025,U,14.03,0.05,3663
1541,5875.2215,B,13.58,0.04,4361
917,5875.222600000001,UVW2,16.52,0.1,2120
1663,5875.2238,V,12.67,0.04,5448
1127,5875.2255000000005,UVM2,17.32,0.16,2310
1311,5877.432699999998,UVW1,15.59,0.06,2910
1464,5877.434500000003,U,14.14,0.04,3663
1542,5877.435400000002,B,13.66,0.04,4361
918,5877.438099999999,UVW2,16.69,0.08,2120
1664,5877.440799999997,V,12.84,0.04,5448
1128,5877.4446000000025,UVM2,17.13,0.12,2310
1312,5878.7004000000015,UVW1,15.67,0.06,2910
1465,5878.7022,U,14.12,0.04,3663
1543,5878.703099999999,B,13.61,0.04,4361
919,5878.705699999999,UVW2,16.9,0.09,2120
1665,5878.708400000003,V,12.87,0.04,5448
1129,5878.712099999997,UVM2,17.32,0.14,2310
1313,5881.447099999998,UVW1,15.62,0.06,2910
1466,5881.4490000000005,U,14.2,0.04,3663
1544,5881.4499,B,13.62,0.04,4361
920,5881.452700000002,UVW2,16.99,0.1,2120
1666,5881.455499999996,V,12.94,0.04,5448
1130,5881.459300000002,UVM2,17.36,0.15,2310
1314,5882.533199999998,UVW1,15.66,0.06,2910
1315,5885.393400000001,UVW1,15.77,0.06,2910
1467,5885.3952999999965,U,14.26,0.04,3663
1545,5885.3963,B,13.68,0.04,4361
921,5885.399100000002,UVW2,16.96,0.1,2120
1667,5885.402000000002,V,13.03,0.04,5448
1131,5885.4061,UVM2,17.37,0.14,2310
1316,5886.801500000001,UVW1,15.79,0.06,2910
1468,5886.803200000002,U,14.27,0.04,3663
1546,5886.804100000001,B,13.72,0.04,4361
922,5886.806700000001,UVW2,17.03,0.1,2120
1668,5886.809300000001,V,13.09,0.04,5448
1132,5886.811800000003,UVM2,17.47,0.16,2310
1317,5889.276100000003,UVW1,15.84,0.06,2910
1469,5889.277900000001,U,14.33,0.04,3663
1547,5889.2788999999975,B,13.75,0.04,4361
923,5889.281600000002,UVW2,17.19,0.11,2120
1669,5889.284299999999,V,13.1,0.04,5448
1133,5889.286200000002,UVM2,17.38,0.17,2310
1318,5891.334499999997,UVW1,15.89,0.06,2910
1470,5891.3364,U,14.44,0.04,3663
1548,5891.337299999999,B,13.83,0.04,4361
924,5891.3399999999965,UVW2,17.14,0.1,2120
1670,5891.342700000001,V,13.2,0.04,5448
1134,5891.346299999997,UVM2,17.57,0.16,2310
300,5891.9,B,13.747,0.009,4361
301,5891.9,V,13.078,0.01,5448
302,5891.9,R,13.031,0.01,6407
303,5891.9,I,13.119,0.021,7980
1319,5893.4067,UVW1,15.97,0.06,2910
1471,5893.4086000000025,U,14.54,0.04,3663
1549,5893.409500000002,B,13.83,0.04,4361
925,5893.412199999999,UVW2,17.18,0.11,2120
1671,5893.414900000003,V,13.25,0.04,5448
1135,5893.4185,UVM2,17.94,0.2,2310
304,5894.87,U,14.305,0.05,3663
305,5894.87,B,13.791,0.008,4361
306,5894.87,V,13.157,0.017,5448
307,5894.87,R,13.114,0.014,6407
308,5894.87,I,13.218,0.021,7980
1320,5895.411599999999,UVW1,16.0,0.07,2910
1472,5895.4133,U,14.46,0.04,3663
1550,5895.414199999999,B,13.87,0.04,4361
926,5895.4168999999965,UVW2,17.22,0.11,2120
1672,5895.419500000004,V,13.27,0.04,5448
1136,5895.423199999997,UVM2,17.98,0.21,2310
1321,5896.959600000002,UVW1,15.97,0.07,2910
1473,5896.9605999999985,U,14.57,0.05,3663
1551,5896.9611,B,13.85,0.04,4361
927,5896.962599999999,UVW2,17.29,0.14,2120
1673,5896.964099999997,V,13.33,0.04,5448
1137,5896.966200000003,UVM2,17.56,0.17,2310
1322,5899.157500000001,UVW1,16.09,0.07,2910
1474,5899.159299999999,U,14.61,0.04,3663
1552,5899.160199999998,B,13.88,0.04,4361
928,5899.1630000000005,UVW2,17.51,0.14,2120
1674,5899.165699999998,V,13.34,0.04,5448
1138,5899.169900000001,UVM2,17.99,0.21,2310
1323,5901.031499999997,UVW1,16.11,0.07,2910
1475,5901.033300000003,U,14.68,0.04,3663
1553,5901.034299999999,B,13.97,0.04,4361
929,5901.037100000001,UVW2,17.56,0.14,2120
1675,5901.039900000003,V,13.45,0.04,5448
1139,5901.0437999999995,UVM2,18.53,0.31,2310
1324,5903.230600000003,UVW1,16.16,0.07,2910
1476,5903.232400000001,U,14.71,0.04,3663
1554,5903.233399999997,B,13.92,0.04,4361
930,5903.235999999997,UVW2,17.5,0.13,2120
1676,5903.238700000002,V,13.5,0.04,5448
1325,5904.5668000000005,UVW1,16.23,0.07,2910
1477,5904.568700000003,U,14.75,0.04,3663
1555,5904.5697,B,13.99,0.04,4361
931,5904.572500000002,UVW2,17.73,0.15,2120
1677,5904.575299999997,V,13.53,0.04,5448
1140,5904.579599999997,UVM2,18.18,0.24,2310
310,5906.89,B,13.941,0.011,4361
309,5906.89,U,14.728,0.044,3663
311,5906.89,V,13.451,0.01,5448
312,5906.89,R,13.497,0.011,6407
313,5906.89,I,13.645,0.02,7980
314,5908.91,U,14.7,0.048,3663
315,5908.91,B,13.956,0.011,4361
316,5908.91,V,13.466,0.015,5448
317,5908.91,R,13.555,0.012,6407
318,5908.91,I,13.707,0.02,7980
1326,5909.447200000002,UVW1,16.25,0.07,2910
1478,5909.4490000000005,U,14.79,0.04,3663
1556,5909.4499,B,14.04,0.04,4361
932,5909.452499999999,UVW2,17.67,0.15,2120
1678,5909.455099999999,V,13.61,0.04,5448
1141,5909.4591,UVM2,18.28,0.26,2310
323,5910.93,I,13.777,0.022,7980
322,5910.93,R,13.621,0.015,6407
320,5910.93,B,13.962,0.009,4361
319,5910.93,U,14.837,0.053,3663
321,5910.93,V,13.547,0.008,5448
324,5911.86,U,14.958,0.055,3663
325,5911.86,B,14.007,0.011,4361
326,5911.86,V,13.592,0.011,5448
327,5911.86,R,13.653,0.011,6407
328,5911.86,I,13.815,0.021,7980
333,5912.93,I,13.862,0.019,7980
331,5912.93,V,13.601,0.011,5448
330,5912.93,B,14.035,0.011,4361
329,5912.93,U,15.056,0.043,3663
332,5912.93,R,13.684,0.012,6407
1327,5913.390500000001,UVW1,16.46,0.08,2910
1479,5913.3922999999995,U,14.95,0.05,3663
1557,5913.393300000003,B,14.06,0.04,4361
933,5913.396000000001,UVW2,17.89,0.18,2120
1679,5913.398699999998,V,13.66,0.04,5448
1142,5913.402699999999,UVM2,18.28,0.26,2310
334,5913.86,U,15.217,0.105,3663
335,5913.86,B,14.03,0.011,4361
336,5913.86,V,13.631,0.019,5448
337,5913.86,R,13.767,0.044,6407
338,5913.86,I,13.848,0.078,7980
339,5914.91,U,14.954,0.049,3663
340,5914.91,B,14.036,0.011,4361
342,5914.91,R,13.751,0.011,6407
343,5914.91,I,13.92,0.023,7980
341,5914.91,V,13.647,0.008,5448
346,5916.91,V,13.689,0.008,5448
347,5916.91,R,13.803,0.011,6407
348,5916.91,I,13.973,0.018,7980
345,5916.91,B,14.076,0.011,4361
344,5916.91,U,15.23,0.045,3663
349,5917.9,U,15.117,0.042,3663
350,5917.9,B,14.096,0.009,4361
351,5917.9,V,13.712,0.008,5448
352,5917.9,R,13.847,0.009,6407
353,5917.9,I,13.989,0.02,7980
356,5918.91,V,13.728,0.006,5448
354,5918.91,U,15.219,0.042,3663
355,5918.91,B,14.101,0.009,4361
358,5918.91,I,14.036,0.019,7980
357,5918.91,R,13.862,0.01,6407
362,5926.92,I,14.266,0.021,7980
361,5926.92,V,13.916,0.009,5448
360,5926.92,B,14.226,0.012,4361
359,5926.92,U,15.399,0.043,3663
367,5928.88,I,14.296,0.021,7980
366,5928.88,R,14.122,0.014,6407
364,5928.88,B,14.268,0.01,4361
363,5928.88,U,15.593,0.046,3663
365,5928.88,V,13.955,0.009,5448
372,5929.84,I,14.314,0.022,7980
370,5929.84,V,13.975,0.01,5448
371,5929.84,R,14.201,0.009,6407
368,5929.84,U,15.557,0.046,3663
369,5929.84,B,14.278,0.012,4361
377,5934.85,I,14.522,0.018,7980
376,5934.85,R,14.39,0.011,6407
375,5934.85,V,14.108,0.01,5448
374,5934.85,B,14.359,0.015,4361
373,5934.85,U,15.768,0.048,3663
382,5936.91,I,14.515,0.021,7980
381,5936.91,R,14.418,0.011,6407
380,5936.91,V,14.156,0.01,5448
378,5936.91,U,15.94,0.05,3663
379,5936.91,B,14.423,0.015,4361
386,5937.92,R,14.496,0.011,6407
384,5937.92,B,14.426,0.012,4361
385,5937.92,V,14.195,0.009,5448
387,5937.92,I,14.598,0.019,7980
383,5937.92,U,15.883,0.048,3663
388,5938.94,B,14.419,0.016,4361
389,5938.94,V,14.2,0.021,5448
390,5938.94,R,14.479,0.016,6407
391,5938.94,I,14.41,0.047,7980
396,5954.92,I,14.833,0.027,7980
393,5954.92,B,14.673,0.012,4361
395,5954.92,R,14.849,0.017,6407
394,5954.92,V,14.481,0.012,5448
392,5954.92,U,16.606,0.051,3663
400,5960.73,R,15.075,0.016,6407
398,5960.73,B,14.736,0.014,4361
399,5960.73,V,14.597,0.013,5448
397,5960.73,U,16.828,0.048,3663
401,5960.73,I,14.98,0.027,7980
402,5965.84,U,16.537,0.059,3663
405,5965.84,R,15.208,0.013,6407
404,5965.84,V,14.711,0.013,5448
406,5965.84,I,15.175,0.023,7980
403,5965.84,B,14.857,0.011,4361
410,5966.93,I,15.119,0.037,7980
407,5966.93,B,14.885,0.022,4361
408,5966.93,V,14.795,0.021,5448
409,5966.93,R,15.142,0.028,6407
412,5967.9,B,14.86,0.013,4361
413,5967.9,V,14.781,0.013,5448
414,5967.9,R,15.234,0.012,6407
415,5967.9,I,15.155,0.022,7980
411,5967.9,U,16.728,0.085,3663
416,5968.86,U,16.7,0.065,3663
417,5968.86,B,14.857,0.013,4361
418,5968.86,V,14.782,0.013,5448
419,5968.86,R,15.276,0.012,6407
420,5968.86,I,15.187,0.025,7980
424,5971.89,R,15.284,0.017,6407
425,5971.89,I,15.252,0.023,7980
423,5971.89,V,14.856,0.014,5448
421,5971.89,U,17.024,0.056,3663
422,5971.89,B,14.911,0.013,4361
430,5972.89,I,15.197,0.027,7980
429,5972.89,R,15.297,0.019,6407
428,5972.89,V,14.821,0.012,5448
427,5972.89,B,14.918,0.01,4361
426,5972.89,U,17.024,0.048,3663
435,5979.85,I,15.282,0.029,7980
434,5979.85,R,15.511,0.024,6407
433,5979.85,V,14.9,0.011,5448
432,5979.85,B,15.056,0.013,4361
431,5979.85,U,17.228,0.05,3663
436,5981.87,U,17.503,0.05,3663
438,5981.87,V,15.009,0.013,5448
439,5981.87,R,15.516,0.018,6407
437,5981.87,B,15.067,0.015,4361
440,5981.87,I,15.297,0.031,7980
442,5982.84,B,15.073,0.017,4361
443,5982.84,V,14.99,0.017,5448
444,5982.84,R,15.574,0.023,6407
445,5982.84,I,15.371,0.037,7980
441,5982.84,U,17.248,0.061,3663
446,5983.83,U,17.328,0.057,3663
447,5983.83,B,15.062,0.016,4361
448,5983.83,V,15.037,0.019,5448
449,5983.83,R,15.596,0.015,6407
450,5983.83,I,15.356,0.03,7980
453,5985.88,V,15.112,0.011,5448
452,5985.88,B,15.125,0.013,4361
451,5985.88,U,17.274,0.077,3663
455,5985.88,I,15.52,0.024,7980
454,5985.88,R,15.699,0.014,6407
456,5992.84,U,17.729,0.078,3663
457,5992.84,B,15.229,0.02,4361
458,5992.84,V,15.144,0.013,5448
459,5992.84,R,15.761,0.023,6407
460,5992.84,I,15.588,0.027,7980
465,5994.86,I,15.558,0.081,7980
461,5994.86,U,17.248,0.097,3663
462,5994.86,B,15.421,0.041,4361
463,5994.86,V,15.176,0.036,5448
464,5994.86,R,16.037,0.076,6407
466,5996.87,U,18.076,0.099,3663
467,5996.87,B,15.287,0.039,4361
468,5996.87,V,15.182,0.031,5448
469,5996.87,R,15.81,0.051,6407
470,5996.87,I,15.619,0.056,7980
471,5998.85,U,17.51,0.081,3663
472,5998.85,B,15.327,0.014,4361
473,5998.85,V,15.282,0.011,5448
474,5998.85,R,15.95,0.014,6407
475,5998.85,I,15.672,0.022,7980
476,5999.87,U,17.681,0.055,3663
477,5999.87,B,15.322,0.018,4361
478,5999.87,V,15.247,0.016,5448
480,5999.87,I,15.722,0.041,7980
479,5999.87,R,15.859,0.021,6407
484,6010.82,R,16.201,0.017,6407
483,6010.82,V,15.5,0.013,5448
482,6010.82,B,15.477,0.014,4361
481,6010.82,U,18.074,0.062,3663
485,6010.82,I,15.798,0.025,7980
486,6011.79,B,15.478,0.011,4361
487,6011.79,V,15.523,0.013,5448
488,6011.79,R,16.215,0.018,6407
489,6011.79,I,15.943,0.032,7980
490,6012.72,B,15.474,0.018,4361
491,6012.72,V,15.505,0.014,5448
492,6012.72,R,16.092,0.033,6407
493,6012.72,I,15.789,0.056,7980
496,6015.77,V,15.539,0.013,5448
495,6015.77,B,15.531,0.012,4361
497,6015.77,R,16.223,0.018,6407
498,6015.77,I,15.821,0.028,7980
494,6015.77,U,18.008,0.055,3663
503,6020.8,I,16.057,0.029,7980
502,6020.8,R,16.355,0.025,6407
501,6020.8,V,15.666,0.015,5448
499,6020.8,U,17.974,0.081,3663
500,6020.8,B,15.676,0.012,4361
504,6021.71,B,15.653,0.02,4361
505,6021.71,V,15.672,0.019,5448
506,6021.71,R,16.49,0.028,6407
507,6021.71,I,15.909,0.028,7980
512,6029.75,I,16.153,0.021,7980
508,6029.75,U,18.14,0.065,3663
509,6029.75,B,15.784,0.013,4361
510,6029.75,V,15.785,0.012,5448
511,6029.75,R,16.511,0.015,6407
517,6042.81,I,16.249,0.023,7980
514,6042.81,B,15.93,0.012,4361
515,6042.81,V,15.993,0.013,5448
513,6042.81,U,18.581,0.081,3663
516,6042.81,R,16.762,0.016,6407
521,6050.62,R,16.909,0.066,6407
520,6050.62,V,16.102,0.035,5448
519,6050.62,B,16.094,0.033,4361
522,6050.62,I,16.363,0.051,7980
518,6050.62,U,18.052,0.278,3663
523,6062.55,U,19.014,0.159,3663
524,6062.55,B,16.242,0.018,4361
525,6062.55,V,16.281,0.018,5448
526,6062.55,R,17.105,0.027,6407
527,6062.55,I,16.505,0.032,7980
528,6069.62,B,16.304,0.038,4361
529,6069.62,V,16.374,0.019,5448
530,6069.62,R,16.968,0.077,6407
534,6071.61,I,16.529,0.038,7980
533,6071.61,R,17.247,0.028,6407
532,6071.61,V,16.419,0.013,5448
531,6071.61,B,16.357,0.013,4361
535,6077.52,B,16.588,0.114,4361
536,6077.52,V,16.443,0.043,5448
537,6077.52,R,17.325,0.065,6407
538,6077.52,I,16.855,0.087,7980
542,6090.72,I,16.709,0.088,7980
541,6090.72,R,17.399,0.077,6407
540,6090.72,V,16.673,0.033,5448
539,6090.72,B,16.588,0.034,4361
543,6108.53,B,17.318,0.139,4361
544,6108.53,V,17.234,0.082,5448
545,6108.53,R,17.85,0.117,6407
546,6108.53,I,16.937,0.061,7980
547,6137.54,B,17.651,0.101,4361
548,6137.54,V,17.43,0.071,5448
549,6137.54,R,18.258,0.09,6407
550,6137.54,I,17.145,0.059,7980
551,6160.59,B,17.918,0.14,4361
552,6160.59,V,17.814,0.107,5448
553,6160.59,R,18.051,0.155,6407
554,6160.59,I,18.096,0.26,7980
555,6277.56,V,19.36,0.04,5448
557,6277.56,I,18.93,0.03,7980
556,6277.56,R,20.1,0.06,6407
